,Trigram,Freq
0,file use python,935.8166379851519
1,text file python,570.2783831855231
2,use selenium python,473.79245248259843
3,create new column,469.5267459976007
4,require positional argument,462.24128381884424
5,unsupported operand type,418.47439835997045
6,key value pair,384.1822612004321
7,unexpected keyword argument,371.6957596828908
8,list index range,366.8130494548241
9,list list list,346.9647895736009
10,use regular expression,345.0176186402304
11,invalid literal int,341.11948590375704
12,visual studio code,340.25618666384884
13,run python script,331.60260617974444
14,read text file,325.2248377444572
15,line text file,323.6967809876979
16,literal int base,322.5381427385647
17,convert string float,318.69547810357363
18,regular expression python,316.0768793581714
19,many value unpack,301.07920352827836
20,index must integer,291.0971411159863
21,error object attribute,282.29237369344696
22,use beautiful soup,281.28759367446645
23,text file use,280.080022134431
24,element list list,269.534853682191
25,object attribute get,266.50394556044347
26,list object attribute,252.47425503191997
27,add new column,250.86794401997201
28,many many relationship,250.3451936058255
29,use python script,249.04962306494357
30,could convert string,243.52602431820526
31,use list comprehension,232.40529218096987
32,take exactly argument,230.72034640303028
33,class base view,230.02166747476014
34,take positional argument,229.86923678212793
35,positional argument give,229.03622706097156
36,txt file python,225.4901154268042
37,variable reference assignment,221.77861640992037
38,exactly argument give,220.7064071262515
39,internal server error,218.3924793875458
40,maximum recursion depth,213.2424008775125
41,element list python,211.04691843913884
42,module object attribute,209.64366290913475
43,regular expression match,206.8445908574915
44,error module name,206.4026952388953
45,local variable reference,201.0108739915502
46,use python selenium,193.26124509780954
47,datum use python,192.2550828224808
48,base column value,190.2841767067079
49,list list duplicate,187.269549023921
